A,B,C,D
-0.25869578073020305,-0.7926551022842973,-1.5059470407752429,0.9231546163480246
-0.5247077839550854,0.030835545383124274,-0.7634668657175175,0.44821820599831397
-3.1201004182436614,-0.08285350158561432,-1.0526597339935144,-0.4207747849711875
-2.6209111436676165,-0.21713137118864712,1.7808124840703654,0.5028802729745786
-3.822880755310055,0.42275231346787423,1.0428328577906134,-1.713015293774221
-2.9572912255160473,0.7428863050803616,1.4642886880570885,-1.3608487681740788
-2.7303929853980398,-0.6453912811504647,1.568037814185466,-1.8535258303585849
-2.7223740826434155,-1.8523806927419026,0.7325342166589207,-1.4081918633979
-1.9373958646810454,-1.4216444646652548,1.2019784438453147,-1.861036634813345
-3.5473063021283338,-0.27317324622859585,1.6764747275471399,-1.4073826687972937
-3.0518312855735723,-2.1837221755717717,1.8169888275592507,-1.4741458202761144
-0.3300787293932599,-3.1695152422770003,3.8829947992794565,-2.086391987075439
-0.20009409987192636,-1.6207216831137279,1.959399636015623,-3.056202630512722
1.7446688051015826,-1.698698168539246,1.7929642806013575,-3.1451407202583916
2.11260126636997,-3.2421691001017434,3.8647941339826275,-1.9728076058715667
3.760481504228999,-1.2774193513772671,2.920802380724324,-1.424206225087857
4.94530268674867,-2.146319845864786,2.0521105174853385,-0.20287786055355483
4.587136180498397,-2.0345422764733936,2.0652060619827632,1.365207108539406
3.3152696701281252,-1.2913775163497585,1.673439431446857,1.939542332075496
2.8067968578566616,-2.260792353369233,1.7406596828660734,1.8470184030729182
3.187110142808791,-2.035351113629711,3.442758891066365,2.575140760568056
2.8472898838718104,-2.4670314009948964,5.948177036364008,2.5448621331858203
1.6231897771039732,-3.0561287615142896,7.487725869455687,4.1116872523478945
0.9652473588809025,-2.9101680424249006,6.5497665181651366,3.9546084632876406
0.8634989360830779,-2.373070832763198,8.63746171015629,5.0837492199514225
-0.596597053995552,-1.804218262183813,9.320833729216096,5.643139012578006
-0.3146757087113408,-1.9607147454555705,10.033035557559707,6.038784974012499
0.8331432971636328,-1.0780945886410862,9.88901139146905,5.468185330637176
0.2871497449837974,0.1714267670332723,11.111361652567155,7.063534110659382
0.8626383618436108,0.726381779048622,12.852019045364653,7.765335080757987
0.9800292142131226,0.3860601069660034,9.811486428324336,8.526628868144085
1.228296194020723,-0.05176355741122962,10.28221425790422,8.502372191129265
2.427328462846275,-1.4842445027587052,8.742468715505247,7.750507085711926
1.9645692555347607,-1.4383771387204258,8.804519300241388,7.391102296638131
1.3139207598729934,-1.0851373626457366,8.890770918116726,6.814496149845439
2.686495653385549,-0.633062980887989,8.552953322765612,8.416799609475314
3.7732687843047317,-0.23216672891525347,8.67133843968065,9.185208021621294
5.771114043036295,1.0511020785421952,9.463686954914543,9.457757613274461
5.2596898453778556,1.1603355988134958,8.074497784169699,7.923408685845242
6.623449635854497,0.24322834321926634,7.220392011799999,9.312271334666447
7.829682297017596,-0.8475114886230468,7.4315387868794875,9.858552995262999
9.604916215354585,0.4983100793584849,7.688185818937941,10.262971856980085
9.953695382824389,1.082477676354377,6.366764036331259,10.899591460833664
10.687120103527896,1.3994359011071067,6.11595844905451,13.038467791525077
11.287389992840712,1.427836005993914,6.200910892199581,12.216823287711696
11.342271571954381,2.5975227096144566,5.338743107817809,13.651797531906091
11.3656630612067,1.742679125025776,5.371691674072819,15.76916723312544
12.89229225105205,1.7362448355845161,4.241755483557114,17.121515864135127
12.847113546314354,1.9788877434481895,3.436195652623546,16.769008674441885
14.294714667000141,2.391620312120569,1.8930256614914474,17.326496112291633
14.285767107077104,1.9916456118850432,1.1959577379940702,16.88526976844065
13.661333577860718,1.0639331122213247,0.6514566297180195,16.714061454691002
15.765875932558783,0.594857224210678,0.17697514327407887,15.308030778147376
16.93729783232988,1.6915160807609007,-1.5637118035665867,15.70420319564157
16.62226042973784,0.49875245048905037,-1.8473419712255088,15.96035319574304
16.69075035115769,-0.4250642917182289,-2.9607371370073525,15.149915875152264
15.504181324552993,1.5769962829791706,-4.168649517575367,13.932513827875344
15.605816872187734,1.3922838802227504,-3.227893121251033,14.125158379287168
15.122468111066418,1.4760918759070298,-2.7377291533408954,12.428851145751391
15.330835750660247,2.2477535276772915,-0.5548801522244715,13.144676660875191
16.654893793551757,2.2497567769356097,-0.7367145933727142,13.049494555041043
15.748362321290283,1.7189019988773935,-0.4512098955885379,13.774228903546248
14.272289407768387,3.6642136883385605,-0.22724127637465705,14.72604881911859
15.150076755530593,3.083461817429538,-1.7255527115195468,13.90770721714779
15.85684023284332,2.4159271715139683,-0.2611894301789821,15.142434125136237
15.604655123177274,4.595737566054495,0.961509398703772,15.522695243253546
14.729315737451397,4.263022800805651,0.28909179602856483,14.744520924891246
16.56565309073487,3.960173197460308,0.34624057729826185,16.159839247337725
17.794322758005023,5.000798502327008,0.99728353330474,17.24635577640654
18.724612817853533,6.053147347589858,1.5507816876253449,15.427672240022796
18.25591654526452,5.7455081942486235,2.2971101935968004,15.387223408423845
18.796754455824093,5.388260524508632,1.4131944589156382,16.27216660491583
19.902018225154414,5.675416149640299,1.9160360854730865,16.077306125956483
20.32850670135953,5.503633598519946,1.533252691437081,15.345984117016823
21.625592908884332,5.137569706355499,0.7270544379929758,14.557512367533533
22.212262713021193,6.452120797853123,-0.26080273070363313,15.657384449886163
21.447338498590963,5.316873232918958,2.791323182868075,16.283654959966295
21.92512519094989,5.441605217035505,1.3956846556341638,17.727633986469364
21.75060052575318,5.452595977279613,0.770594126852872,19.78593196719631
24.366856496672902,5.663658651526574,0.06461098015893851,17.60483238895805
23.088708910877696,4.771854224627229,-0.7468648377200444,16.923148999197082
23.874251472249473,5.240788725480108,-0.43030917216066966,18.019849546666013
23.663836710240126,4.402314577198139,0.1567109215107606,19.78302206699391
25.34069414779419,3.558194101675128,1.6013675135871281,20.51409754755681
23.81607635944992,2.3959218182942736,1.1156162490881578,20.656356725764713
24.348313422900713,0.18453691628727364,2.1734776884403697,21.303827574224865
24.297783889380625,-0.11645864330188099,2.0997298784400424,21.872540505427644
24.953674963165625,0.6374823530639928,2.63676566991871,21.832741584949336
23.85333525780281,0.7028298050992627,2.342565016225516,21.666744503273257
23.930772130737026,0.9983878339928813,3.467281633147319,20.45764697804631
23.679426491199294,0.371598094932607,0.16665822047260148,21.808287609056475
23.644595676032836,0.02705204850045273,-0.9179111538925149,22.796515620366627
22.178003090752597,-1.4940815961585123,-1.437031040700496,22.119113068080868
22.810677243554878,-1.384815459609636,-2.8454077816011623,22.366560649972236
24.20720167900562,-0.5784289700210343,-2.816182430469138,19.360943889171203
23.529357906317944,0.7899718385428998,-1.9330779549803059,19.146103249422964
25.19515838972456,0.28280824516153547,-3.4743313691550597,20.019005241071092
24.340279468531072,-0.07246471693564843,-3.584566559302431,20.189196671062852
24.31532094701582,0.9538849283532187,-2.9934471671326954,20.412610317132998
24.71923121237533,3.143677487591551,-4.416214708246765,20.761034653706616
25.906763723835287,1.2389736212436178,-4.651278780456992,21.38151899771878
26.37276333116326,0.5012192084295681,-3.7224645272580896,21.812349601570546
26.614713733377904,1.7587816251090647,-1.9964446059353809,21.73854212649406
24.547214299995588,1.917725281453037,-3.588572999315085,20.79274207714068
26.4630371241113,2.508949353967112,-2.7108327327984565,20.46840710617196
24.841394468550504,2.9032308316737945,-3.0308335679728415,20.8083457042896
24.284494980449015,2.7345899538458385,-3.851356947350962,19.81823845882718
25.246138529145636,1.718669316650397,-3.330644278958512,19.545917387579205
25.36348862320416,0.15889857318622047,-5.063513257296106,19.00463569249091
26.21919679562936,-0.116717163694745,-6.058535921621408,18.49226250313845
24.343461764109183,-1.920357845922677,-5.956498874529152,19.38081973427182
23.649878175335765,-0.8933545504446119,-6.4245251908492875,20.411020955208667
24.019222511163818,-3.3168646676331193,-7.560289099040149,20.55112978404894
23.841451015443887,-2.550674155186828,-5.570302446766748,19.700035291248216
23.49041497984195,-2.3353183405477558,-8.131924009039492,20.105045883417517
22.384729416689698,-3.3918973637644445,-8.323790053205812,20.237892843386206
22.590160777005224,-1.6087773481772685,-7.879155637296383,21.22155490099952
22.17415669349651,-1.8302260598530802,-7.273285077324508,20.635815610378117
22.080772357898258,-1.9438025750889647,-7.293196492406956,20.326695806748155
23.419413574898854,-0.9263818161472495,-6.402623364061605,19.764707008700416
23.451202462542167,-0.918904103540099,-7.6317192357624775,20.433093487236658
22.788297687272827,-1.912409695798315,-8.335595476576051,21.038957890151334
23.37400677282959,-1.7968350180722303,-9.206664550698463,20.962369648160184
23.850854211752488,-1.8737659578005417,-7.391847949574877,20.495310054064717
24.501112683157327,-3.2990337581589895,-7.709136199341067,20.532543477077116
23.892612268238054,-4.7719854737549126,-8.627278591913894,20.226732457261654
22.83788375575479,-4.798560883663062,-10.050287085250101,20.552199809523994
21.82183429640197,-4.7020640117975985,-10.404780713096017,19.55375146454036
22.64037500370721,-4.389214892157739,-9.417679261968285,19.653070911755464
22.77007595280463,-3.608135450978231,-9.053418651960051,20.244043243016677
23.399265531046048,-2.724368835087464,-9.859135201842822,19.49357295135795
21.881718038922,-0.9520293176934997,-9.478490518253217,19.07914924682951
22.088778506136997,-1.0888939924436347,-11.191187108738744,19.109799438858833
21.65648598621031,-1.9782763363512776,-10.428188128125305,18.866071954574856
22.141416111721735,-3.6903896249856967,-10.981340165447833,20.126339769606695
21.329632305029293,-4.70482765400735,-9.97278096006222,20.806917380472992
21.897438572105727,-3.1415242106524,-10.678200676717172,22.048836829599672
21.230453712364913,-2.4806507841206944,-10.448693701572628,21.995602071453334
21.86733412094058,-2.982968197739458,-10.678790355608088,22.167661192430415
23.235792528189442,-3.7891633436654217,-10.445688867903213,22.430797392263923
23.37663519878657,-3.06629792640483,-9.178289195916705,21.79193459591066
22.811439049061153,-4.502376833909649,-11.577112893412158,21.23792231726845
22.337530892833616,-2.9399322051847947,-12.037330742558087,23.574164993983075
22.801102215188404,-2.829283147709851,-12.973039614226757,24.846892273469983
22.7509085698346,-5.197994470558357,-12.844070608850467,25.693460182111707
22.34893983989672,-5.7228403917229915,-13.381334084821162,25.62874610061256
23.840445648207016,-5.99668181500942,-13.652905304826616,26.48556903654245
24.614489285281813,-4.2797193123307125,-14.479612689788858,27.019697466252527
25.077603875212322,-3.1902972798481035,-13.923402897237859,24.892011750987464
25.99805506911754,-3.9713195860031796,-14.731581047110593,26.148463369955795
24.599407083733276,-4.328143323631227,-14.94843250675181,26.707793017488623
25.0188224812272,-4.614125120963708,-14.406719046547513,25.74845236396301
25.20391245670648,-4.659208900428084,-14.15025815273422,26.146240772315583
24.84440214867012,-4.517426701921708,-12.636401960070971,25.30358293507938
26.379506481177206,-6.177040176391403,-12.927634307216088,24.95058003863595
26.828057308900007,-3.4982799282117134,-12.311406839296213,23.401611884481767
26.047328209006288,-4.804914147891602,-13.883059119766164,24.085931586663854
26.495239342547343,-3.6969481943137037,-14.219839078490436,25.950667255898193
27.22632433706534,-2.946310788528845,-13.954617596861969,25.528759795783575
26.193246297858515,-1.301846401244554,-12.195721053259629,23.258035065134493
26.769318276274735,-2.434920658841625,-12.668210811346965,24.479952887852768
23.726619853383323,-1.873206791435264,-12.994241644628827,23.711971034385176
23.27545824515475,-3.1651104061094575,-11.99983701195851,24.317793604234858
24.4025538697232,-1.6543320557488461,-12.446406855276962,24.16209231904283
23.894203857840527,0.28408695421855246,-12.17743792165558,23.809799868001463
22.94688372064562,0.8890386777596774,-13.515292463419433,24.757194539774115
24.624420634862883,0.6554127175033893,-14.90762195264546,25.887745238846776
24.221349757436357,0.2861446965415996,-14.53668568779886,26.24756473588508
24.458534834096746,0.9777428324172156,-13.436814916651441,27.45646938149225
24.772585122425617,2.091005833725555,-13.997537719534535,27.77327180902483
23.32469426620419,3.0864235428500453,-15.182744916178635,27.97883367296366
22.95492981741935,2.542514856115076,-16.735781201866978,28.927751936151306
22.40877385631542,2.39941486713373,-17.0299730110076,28.56855518313345
22.360677210588833,2.88343066640586,-17.08921937390567,27.652942213930363
22.351285295184905,1.8870329900435103,-16.9242418098964,26.06402172714308
21.680120805610766,1.1190205521578656,-15.675071070680985,25.306576678778924
21.740765964789773,0.1594971247511623,-15.626158928755823,23.249672499457528
20.609881457959297,-0.9957784513339998,-15.81198957503136,24.278541814626465
20.671874185650292,-1.9961498083474838,-16.202514282427725,23.387782944051153
21.762235406419773,-3.577348890473965,-14.9120219498916,22.211351583863337
23.599641832649894,-4.11908562007739,-14.710423697912436,21.622444461546195
25.45185231904218,-4.242798049943487,-14.00959517528792,20.576335699530368
27.162022501825284,-4.098107044668317,-12.86825898757422,21.68938469606113
26.641948020415093,-3.827546362531669,-13.411984535590245,21.32580049661525
24.67179989233977,-3.751262030490573,-14.24660653725551,20.68227332709236
23.5978813394522,-4.28567196146296,-14.65337268118519,19.961729028586532
23.83145767812881,-2.486520957931538,-15.867093047517697,21.233348920322566
23.09235323096232,-3.3361733655044064,-14.87101180133583,21.790180812554755
23.302971293621425,-3.908844850269601,-15.929393668553267,21.367808649343683
24.89730643326796,-3.7772699885070757,-17.317542074718165,22.042193264226587
24.254008350855262,-5.501367322424739,-17.534868715117838,22.584532537486545
25.22238373863196,-6.873632882067866,-16.560289837786613,22.29016250902798
23.440736531945056,-6.726775605021038,-16.699849601995602,22.641484272311594
23.1647955124921,-6.0900551386819295,-17.75120764046058,22.48762432047141
23.341515161916426,-6.760693114885912,-18.168045122572277,23.659000401040416
22.846772163829815,-7.7233335285146465,-19.098570467127715,21.9590903977401
23.30161078077205,-7.347888598266382,-19.09543943407722,21.91936793323595
23.94902305368306,-6.687829804477502,-19.09236222680834,22.131706185134355
23.617447066545857,-6.759746677854075,-18.149677088979296,19.939005737612387
23.280467397764035,-7.510663150959986,-18.264360961751578,18.322263478546525
22.522090642702214,-8.215888826869463,-17.840621342682983,17.64800705495432
22.669975451059734,-8.467948796911315,-19.126223074256334,19.356276968859046
22.204964434807938,-8.070264343573292,-18.8859037812606,20.316858106078943
22.40959719576509,-8.25689194462937,-20.387585043438133,19.789510709136042
22.54428083387196,-7.5015870352438325,-21.404812702174496,19.781873563750214
22.471037503356822,-8.370762240953587,-20.71592168808632,19.67389867468104
22.947986144035877,-7.668706377431622,-21.823877992747224,20.834729001479147
23.359607862122125,-8.403814428648626,-21.397691078213782,20.745826651200808
21.99659560501739,-10.077334323877894,-22.630363850735826,21.797886713384187
22.236362906910028,-11.31568364495261,-24.253798755977655,21.616714194974847
22.97236143504721,-9.287245955267752,-23.70184998300253,21.402014323504474
20.628968994062113,-7.043940048398976,-23.685399836553817,21.434893113824618
20.39454046642386,-7.189831407754094,-24.05725439365945,23.878003459197107
19.328581878739314,-5.874449057143021,-22.59520514355108,23.621463013317992
20.098088694663645,-5.0740112540550095,-22.202892036019414,25.78580065365699
20.14928438951652,-5.029807273621808,-21.147844480167304,24.04965611164398
19.813679354238587,-6.440345757564489,-22.208871638527036,24.690646291130676
17.712805050259497,-7.386181784109224,-20.737937567081424,23.572268025299607
17.90605667284361,-6.382651520110786,-20.119709450448397,21.74952565838216
17.195210323472775,-5.393418639095765,-19.48158894469346,20.99171400690574
18.507870605122303,-4.266888281526163,-18.840392297499545,21.396940079414385
19.097095941177237,-4.533889049980201,-19.078039217547033,19.984742278669437
19.477305058088785,-4.74162031234226,-20.491392676676302,20.9951585794063
19.541549641991093,-3.6918400338878374,-21.02221393817006,20.927356970656707
19.997280136990753,-3.8357743069092907,-21.96045227737659,20.737820243795927
21.035833768159346,-5.680587007675075,-22.333671673117564,22.42959010696453
21.007183204530687,-6.022830246828209,-21.328717459847287,22.585340131811325
21.19255023073205,-6.013816154184767,-20.615987982477694,22.813649944726347
20.375535240403895,-5.812970470569089,-21.073578842946937,21.138109505422406
21.354539133934804,-4.963616591723919,-22.67372338224105,18.69670393212779
22.060916184314884,-5.619155765867908,-24.18498792195945,18.303966328461428
23.004315044677924,-6.830124451405952,-25.439191403964998,19.534227572191778
23.23827174168818,-6.209389676497586,-25.43468677702363,19.956901051120102
22.494995648721616,-7.040399920744397,-26.97127809028279,21.412050599573302
23.570066835483725,-7.062452611986511,-25.033294653404962,20.429141699295744
23.841958456544894,-6.255698236331651,-26.073857453646845,20.25033993372795
25.3414870567962,-6.698535289220873,-26.503881224671318,21.312599898555117
24.19068986476964,-5.609965509424317,-26.626849113920496,21.311745117393944
24.7249853237567,-6.456081478035319,-25.683164921818328,21.040690860831436
25.282351129300586,-7.212138979654238,-26.07295361477664,21.588329307841175
24.36613281807683,-8.269308787202586,-25.845495400964534,23.1585209469984
24.090758525028722,-8.486523986305935,-24.843211808353583,23.94940820452534
22.516276985114725,-9.14214542946044,-24.650939021681147,23.17620582306988
22.9969543010479,-10.248875871148865,-23.1703738947399,22.585316830045993
21.921717198793996,-8.826541769764223,-22.745809376336283,22.944877294614475
22.818891818929185,-9.694761106931843,-23.87923461180341,23.538051706373984
21.48475053064086,-9.684920955800417,-24.301652294517076,23.522062697720333
21.640372727512556,-9.9616052821599,-24.73546454983933,23.482555065879758
21.357443928942864,-10.32364334705955,-25.00918346753836,24.083559073616215
21.37549919857115,-10.010836324969889,-23.817939645533542,22.8977450136205
21.271397054216035,-9.895495665643258,-24.21811540050705,21.301389243570725
22.17453661216465,-9.496852722233532,-22.295930413020976,21.09955386613587
21.249761374170923,-10.161318888960025,-23.441626099956522,20.50925173570972
19.563445198784024,-10.34433547628355,-24.443809157589936,21.040950110398384
20.02241473165618,-11.569029756778411,-26.12089033725825,20.646096945964544
20.585819826769782,-11.635192277351806,-25.471808166328646,21.67201755436208
20.164035397995857,-10.531085068557086,-25.517138140150276,21.239480444009153
20.55597237541453,-9.26158073381861,-25.749479180624565,21.360436381054893
20.589809705829115,-9.59276825051799,-24.298717180347076,19.70933808917239
18.964385335868997,-11.140296839633315,-22.98037138594406,20.69930826326353
19.45834042266116,-11.487059228430928,-24.52224065637607,21.348878146702738
19.49691671292849,-12.561770713979229,-24.63500206018052,20.9080849073864
19.116922691819347,-12.743970053278389,-25.13522469593192,20.880149012248157
17.677979328568384,-11.22750187935206,-23.68227498998709,22.31287347347489
18.136338426254678,-10.994699795761878,-23.637738409501754,22.466061504444813
19.048643231211617,-11.674164023282081,-23.441779740335612,21.403105276800495
20.076555031207313,-11.58008896135177,-23.76330917191955,21.54979113145655
19.622726762882802,-12.37265577816445,-22.37289249325272,20.695786007996002
18.731362037835545,-12.367166867431896,-21.313504262455726,19.400687269810216
17.670918286061926,-12.177981981655162,-19.913194209864418,20.753891367147958
17.2706050993596,-12.500093231673628,-21.16658103881035,19.973228116035116
19.56292667580823,-13.463370313625788,-21.346861589306936,19.7417805228078
20.131961526609164,-13.117600808937738,-22.873407453529627,18.742056265241608
21.749965052975753,-15.301770640289304,-24.05609356561266,18.2814924400159
22.34601109406744,-15.521338571912628,-24.542547206380977,18.557762378869793
21.511188555069715,-14.292254706651475,-25.3986420422647,19.60910562206147
19.92198960951268,-16.21029652545526,-26.596694873205486,20.46392219072273
19.14455409081267,-15.158833319268872,-25.359515427418724,20.10263792461369
19.642799506119935,-15.022987887831317,-24.81990357578414,21.09586323813496
20.31611818617223,-16.04995375955731,-27.547856114136135,21.15195629775951
18.24924693670011,-17.71520654119443,-28.770733154926553,21.3906827999288
19.05953053647417,-17.72622183429703,-28.25617006098822,21.415892097981743
20.928578471405782,-18.2566515516569,-30.967847591175193,22.167031390017236
20.38884528288046,-17.315313658655526,-31.59201961319311,21.620878493676994
19.97233637773955,-19.58941282168287,-34.79604112125251,21.40355361560976
21.47178732695927,-19.1940751717542,-34.61217226666667,20.358942168475874
20.358311452219098,-18.26235302535335,-34.21056588757312,19.79414267229829
20.617108768922307,-17.768674245234305,-35.33853184165562,22.932408583511247
21.434608945157926,-17.9429625789279,-34.2984255582255,21.921269484385796
21.512307563901963,-18.167866561050797,-33.55924456838187,23.541333201736478
19.511703253359777,-17.333704431641443,-32.27313319451075,24.028937767373755
18.374801515011352,-18.019502370872118,-30.99889657680075,22.437794021069834
18.597580392460205,-18.744352253712453,-31.929513537175403,21.126261133261234
19.997938637725408,-21.43245032906242,-32.36471536988501,19.15507114812846
21.578604924482924,-22.75760358606422,-33.20835321339929,20.694570539158267
24.390559445732944,-23.088197065008746,-33.48095371827884,22.726723857590056
25.384905628037576,-23.30539489940257,-34.308958753060075,20.733200749831283
25.397206033537486,-24.065036654075787,-33.249996924227744,21.037205265152878
24.903617006682676,-25.06961590575364,-32.01721435797759,19.768609561896874
23.5508188709853,-26.470960150577454,-31.57105480998249,18.550391540068553
23.516933901032843,-27.268014786238908,-31.930365628946348,17.448278523176736
23.11873193599184,-25.631977714907382,-33.673040030901596,17.69189069593428
23.334813359922098,-26.71924176336593,-32.46284321757109,17.90626963790184
23.037891129936565,-26.59846635433543,-32.01282814051049,18.158394033776045
21.57461936659794,-27.929898641005632,-34.56076421780442,19.286235080209003
21.7657849273182,-27.362458060856216,-34.20945789206387,20.985277639151803
21.14393962687715,-27.66689387058737,-35.048222119923615,22.657530556781918
21.71745997108603,-27.282572293872285,-37.46686075780701,23.494895342799932
20.95388066082314,-27.960545715570678,-34.95414157890874,22.776939472767072
20.92092413910604,-27.243810409153053,-35.17787502631554,23.656821334491532
20.911196471732346,-27.122472413317368,-35.41853603437883,25.242485627785957
21.55763233046607,-24.83389845416771,-35.93302295824513,26.237243851140473
20.691969336772274,-25.44894975762652,-36.63404831155718,26.807824285729065
20.379602096573294,-25.38016082388779,-35.73000204839324,25.58655508533697
19.850609724401384,-25.813674229317165,-35.547027500304885,25.606938460361526
20.469537328218046,-25.30067028018585,-36.64174617603294,24.68623457735127
20.849543984831655,-26.23457721130325,-39.64349511226742,25.96688935240833
21.093659062077634,-27.937138295945047,-39.33513879175303,24.60505789535249
21.243203961566223,-27.353883157220324,-38.2079425544867,25.567160915832222
22.569641302705755,-25.965150612667706,-38.635608079853085,25.20294694957654
21.58502715135776,-25.928006390189946,-40.2021548725608,25.89575501757567
20.890950267548444,-24.82146629729928,-41.71065507416239,25.1158474497505
22.275949093524886,-24.953803079176893,-43.41048293230994,24.461586156720372
23.227112122049284,-23.208309272673713,-43.53544745796509,24.016840117983758
24.583680480213605,-21.851583661884373,-42.685254112369826,23.401050575375496
25.16864262023779,-20.576661005973044,-43.61303674954756,23.490573722717986
23.570260560354182,-19.979169525539483,-42.23622664638833,24.818173299899737
25.07599533165343,-18.960601221915006,-42.580525843579196,25.67378193511405
25.64508402643917,-21.263651806290312,-41.231546408765745,27.120450349000496
23.994005826683097,-21.112775561027853,-40.093348886004485,26.720137448867096
25.624730227813973,-20.874230373234607,-40.95802596032967,26.829583472362437
27.13263683403046,-19.84268137307435,-42.167849138804584,26.020890596081205
25.969726419335547,-20.409351023075992,-41.54936059409359,25.28907150476459
26.7796387327283,-18.991815690287062,-39.61969365684987,25.01735031253499
24.96241417961826,-18.92668193705035,-39.56980237520648,24.77678458550569
24.464413832041682,-17.946559261654546,-38.630434143352836,23.29540912096335
24.25549148060609,-18.599866357758486,-39.21934659165193,24.239694456619063
23.765944266728443,-19.344859342381888,-38.13144563995423,24.77325240054116
23.480765793000785,-19.445970370248737,-38.81859440012022,22.60342906616019
24.422975450043992,-21.107122212620858,-37.847962452416155,21.14542028656786
23.20568467981859,-19.83255481439658,-37.040414695829945,20.726686948354793
23.06170588530468,-19.816820597381067,-35.80838164011348,20.31404009355382
23.94080087281199,-21.32052563233578,-34.877119718049514,20.068863103551124
23.101947464647676,-20.959059951533014,-33.85351622118753,19.95887865909015
22.762323187830745,-20.383430308679575,-33.61915030640637,19.748484669457508
22.60616661916891,-19.952178437663274,-33.50851165806936,20.826699073227804
22.38116466007135,-21.517953022852492,-33.673565379016665,21.351280363259725
22.286979299906108,-22.62710239564064,-34.018154930251164,22.16804235713439
22.40514842796344,-23.314242378558085,-33.59288035909363,20.709855448817407
20.975497926281538,-22.277938772617187,-34.70695514297786,20.67983092006929
21.769224619778846,-21.401005636630934,-35.055380276953834,21.136762062561463
23.201360903815747,-21.218047256959085,-36.41542531080393,21.46172838264328
25.360736766513828,-21.30477782655759,-37.678603707382464,22.274725319376067
25.750342899708823,-21.34106616656501,-37.38528249854336,22.256213869842995
24.25905033851865,-23.09199273186523,-35.88390879452534,22.032074116354188
24.77029389919705,-21.531582550739678,-37.00217023953724,22.428577297142755
25.004050441037126,-21.67821855814359,-37.9425949066029,23.032992956699076
25.787216332732406,-21.032411107896642,-36.90282670390572,23.41046623238982
24.13076696584309,-21.667847438299926,-36.64071898141514,23.21278564045946
24.19677834900484,-22.107708289025474,-37.522213203664826,21.496499121041435
24.006772454961936,-21.780157160857545,-38.16901601817184,22.618999647283335
21.75527868425879,-21.86541739012862,-38.58725794651169,21.476341028953186
20.8921712221876,-19.76357062626197,-38.2141983417232,23.44573952389105
19.689555293022455,-19.819831445462647,-36.059217600485084,22.095745349787872
19.337456723955498,-19.136033363797495,-35.390648626006545,21.099715642374377
19.295310743102867,-22.038567359823535,-36.43310422897952,20.497852102368896
17.690862030571473,-21.782831895852325,-35.31355164060028,20.725136735271253
17.632051728917173,-22.42897958922559,-34.502617595042956,20.909747881506686
20.312485167843214,-20.98447898478553,-35.519409911045074,21.70199263631324
21.675603399424407,-23.221132630810036,-36.01335613077414,20.989001562303415
21.512660900298258,-22.594245429675716,-35.08301795572702,20.383005608827307
22.518757179956705,-25.635063529973813,-35.463691904156555,21.584752277324927
22.79274191459888,-25.947118026663418,-35.53887642893932,21.887851204884246
22.098539030656532,-26.94192287637666,-34.65472551850161,21.76590298131131
20.868236541364343,-26.710365222487674,-34.61872259103513,24.194957645617595
22.003528801308743,-26.40113070815398,-34.03881690545986,24.079833041911836
20.905938214165722,-26.53176037605013,-34.53318738461555,25.390404276402542
20.03813149418311,-26.670038678917464,-33.59208406989355,25.782021282013392
21.461554194224725,-27.838270770806435,-32.79470864972176,25.558721624542073
21.691157230195653,-27.162476743199058,-32.828794763928485,24.810824146818234
20.6622771687852,-27.054753939838836,-33.79679641192882,25.05516166556793
19.908185646992443,-26.12745127322208,-34.41364941177912,26.444197319522246
20.115341705163466,-25.6102473670042,-33.731218002205146,27.13207333193457
19.939119546289017,-27.68130797356481,-33.487923216879125,29.734413063002727
20.652292698344063,-27.186520075191464,-33.94668708634287,29.88194034865124
20.627703390847103,-26.52100733723096,-34.830290802192124,29.513337792533264
20.124530515434436,-25.824453905973545,-35.76345179727805,29.300152899006424
20.344663285550585,-27.614906240975195,-33.37472091878768,29.92992333898306
20.76855377691258,-27.691722303278784,-33.24659529488854,29.164456599838797
19.79222854199542,-27.076974119712503,-33.279517880727695,29.04612820730568
21.3523338927442,-29.027231923993504,-31.52378713285874,30.683730441557834
21.481182956452717,-27.64147683751214,-32.04652700053595,29.392887714924814
21.66314492584931,-27.466732003144955,-30.192228554578293,30.811650801549963
21.90047386176194,-27.66380117905467,-30.69846517841896,32.14989668379921
21.654240482025035,-27.758023388203448,-31.12682672612089,32.72819303959883
22.528974639077067,-27.4405299690801,-31.100683553024282,32.193266412588166
23.4067012431869,-28.45653956569101,-32.686123556405576,30.991525937024416
22.586469431153176,-28.761066059331075,-33.37904746489728,30.019802855332042
23.199971665974225,-27.517234177223237,-32.72535519100721,31.21322943570404
23.05057437185175,-27.42594990519128,-32.210075008268724,31.536432345131267
23.20779325395602,-27.59121737413168,-31.55335392988933,31.498249815769366
22.300774804259756,-25.29360162915797,-30.698605057751244,30.658998660096742
23.264496307626505,-24.737472865428497,-31.59298230779086,30.86778671149772
22.523349666689693,-25.56258315515296,-30.488705502144462,30.604579003878623
21.313315931269866,-26.681434593763463,-31.479185735640755,30.670045934371323
22.29772057210581,-27.32885937022109,-30.796467918453043,31.03551020034591
23.350387821953415,-28.414213263418763,-29.485562134397142,29.83430470484071
22.322281543431984,-28.69222905688113,-29.002773712155374,29.875486766087096
22.168101477467268,-29.574937382629876,-28.083662245358262,30.240137355360044
21.783437998764057,-28.922891328300647,-28.263880950785275,29.406027430432545
21.08367594563558,-27.819056335787415,-27.96835983022688,29.4286400270424
22.02604979212581,-27.62565418805046,-27.698136574350254,30.90572111468947
21.160852022173355,-27.60795551879552,-29.795723063623765,31.726026840007822
19.729953663877083,-28.750877357906873,-28.602404659773818,30.84478356365895
19.8992677464755,-28.611416949876517,-27.15135590434017,29.635112624557568
19.170076739600752,-28.960342999461567,-28.53646395136252,31.160620815318943
18.589546831898716,-28.43947998769025,-29.431691569283018,30.543737776404598
20.19687514065426,-29.813081240262054,-29.3641375999429,30.904582809724893
19.08660895123118,-31.902937458054982,-28.488373609029203,30.613745569612394
21.009599298579126,-33.38102636379244,-28.252677070356338,29.880203089370383
21.36707050855632,-35.75932645075458,-28.41704585772529,30.07647972232189
21.390021054148857,-34.55705078008417,-28.687929478655388,31.19010594145274
21.06076440566162,-32.89745328692203,-29.331956737148325,31.84693412113803
20.773358919414562,-34.94898659867769,-28.944935661665564,30.966749436111805
21.01381378401612,-33.97644259546213,-29.122100865528157,31.43265343572915
20.24057530411006,-34.76414106008194,-30.36369196564818,33.14016647796669
21.55781611553476,-35.19122342772005,-28.809852889508385,32.68256354941241
20.948475928854233,-34.66799029782076,-27.651374084636835,33.18046660264945
21.51959464322496,-35.50286466878013,-27.344187877220254,32.492910621287365
24.09024774103272,-34.932474354955865,-26.801181834226522,32.219409607700115
23.842462501454985,-33.945067645786374,-27.401954389434565,32.29231423324713
23.14963767499506,-33.681402283956196,-27.500912225522647,31.382284978390267
23.217902347552005,-33.81792616621,-28.10461288161688,30.635326258586957
24.54945419948466,-34.02357986244012,-28.455941305739636,30.940898652713496
25.81143525074038,-33.616554010537975,-30.020551761176353,29.48506609709536
24.591101513494912,-32.706024799301424,-30.51620078675109,28.53864837900817
25.088978040520274,-33.94983529062202,-30.838360915682085,29.387678981441653
26.988311798289466,-32.82594024231534,-31.064992580286823,28.671629095697366
26.44560369511134,-33.77433300172588,-32.34736085930956,28.107192157723645
28.706141359178602,-32.380399159587505,-32.53707178681766,27.41863489261035
27.903215131017905,-32.25887093114295,-32.43129664514417,27.515140293885974
25.952538493979244,-31.08440017577933,-33.068557114641145,27.496847572353005
27.520182413408232,-31.116209179323974,-32.4335665947461,26.68895441296969
26.27969011079318,-30.812724326151862,-31.438129185344664,25.636710459945057
26.066408948855173,-30.722312976819094,-29.191268247117993,25.67054662559459
25.86017376549049,-31.368012579027305,-28.601866085073222,24.89625531695034
24.652233781452544,-31.66404873811702,-28.262022278192283,24.38657736563978
26.854657046757872,-33.18029448269328,-29.000018402511348,24.087641722611355
26.055573856878183,-33.18737653586713,-28.827031875017976,23.754873257105885
25.43016018843318,-32.22784589789516,-28.78941063730467,24.099665931920473
26.81329386187354,-33.31549448816453,-29.904091008785294,22.632667031358174
25.65251649342813,-33.40188689296744,-28.4412570756794,23.88144283805392
25.520941379301817,-34.62686996111096,-28.084551827870698,22.928268857231323
25.61897046040974,-34.479715354744776,-29.321837376985524,24.039049002639153
25.79663344276585,-34.77904390658582,-29.584581576611615,24.818954702006643
26.5077048388583,-33.209987597502064,-28.07350275483702,25.443450086070968
26.48316716749386,-32.58442858314353,-28.88493400744526,26.048136781132907
26.812545752246738,-33.40302923418687,-30.161927760460944,23.571207638987868
25.222746077857657,-33.89796927250882,-29.448847013939478,21.65690668623784
26.415581622620863,-33.339872662572624,-30.05469395160264,20.41037255300666
25.949972466134813,-32.146414105585556,-29.261661853849226,22.063765168045258
27.32127710620019,-31.772568754681792,-29.62758779947319,24.225200252628817
27.417899629633183,-31.184059556631748,-29.888449497324654,25.402368349188663
26.938320061593664,-29.45237096726136,-29.02499537060696,26.603215368148618
25.81602597055336,-29.704550846173234,-29.55251493134816,26.428325652276623
24.795209927755288,-29.135116813594305,-28.52098350101661,24.005357024954698
24.739821182655216,-29.092494014095443,-27.394246951394884,22.577205080605818
25.19313143675439,-29.413922762364365,-29.22732962942614,22.427179709806843
26.25865694138732,-29.87985024938628,-28.841190308721973,21.081543880087427
26.71929885866494,-31.32115936556878,-29.259731236064674,22.21890029245286
27.432548325134906,-32.07481428587306,-27.284366733393504,22.05285199458119
28.629570495583774,-33.12416213126165,-27.547929550382054,22.1578117649498
28.523346562295693,-34.019653836846445,-27.412151669647024,22.548225378739712
28.821834611074028,-34.432605428691204,-28.192002460276772,23.764085473959675
29.352879336304518,-33.873109368517234,-26.364784844525467,22.386978861019845
28.260902129430253,-35.097897682359715,-27.29822710817335,23.565267036112562
31.690906219351263,-34.08930244508005,-26.365363164180888,25.484468749828345
32.372838361104954,-32.44492810848695,-26.114692160331426,24.531891294351563
30.400343775594187,-32.36422371639876,-27.338860523283532,22.97429182710985
30.86238383727567,-33.495918171607464,-27.344448148796015,22.9232298610221
31.544285267904673,-33.18696400256782,-27.891658477770285,21.655185053698922
32.72627865388095,-33.77446585443333,-28.987856941330413,21.807245911084987
32.4773132554573,-35.41760060695599,-30.56778237613241,20.841698611794712
32.58559178103998,-35.87854574191115,-31.694151070116447,18.437879773530288
32.110277466259106,-36.12569030515509,-31.265784483563394,18.121730139456844
31.43778038593666,-35.79668977115419,-32.432850843166214,16.8553249275646
32.26419747974782,-35.88176960444293,-33.40412850669105,17.69368552432621
33.09844616967671,-36.775453742666784,-32.60336214818092,18.040057645944895
33.07857889527877,-37.64452134577141,-31.39146068900686,18.437111608343795
33.25153095901122,-37.39768972503117,-29.41190509588651,17.556054960341054
32.4184515346101,-38.406673365821476,-29.594671974893117,16.682389646179427
33.01734347560097,-37.60557328664619,-28.876162011487228,16.862695225877953
33.606148681705314,-37.97753319639441,-29.316100589757994,12.415948339718586
34.16743027757322,-37.50826123237204,-29.599353866436484,12.235927428222626
35.7067772345533,-38.530001076695974,-28.768660853621327,11.84502161425307
34.75330559455457,-36.9069542336854,-27.697421522608764,12.815912302380527
35.02031073683152,-37.45786561295356,-26.94605465885447,13.074903318625443
33.025587140989494,-37.625512639629974,-27.66117536258968,12.334950304111635
33.71942086516502,-39.080168710632684,-28.139076551042468,10.911250595147544
33.84068552670653,-39.22292142912142,-28.302111058590977,9.998700555570347
34.26829113014366,-37.80909216032939,-26.29502689075228,9.21897273002769
34.66452064727047,-37.681727022802036,-25.573028642642775,9.540983500048567
35.02619475253088,-37.92435249057865,-26.357673649935627,9.340618417282183
37.11451072805622,-37.73519038064578,-26.498967258270646,9.05247029069307
35.28617818805718,-36.382995485556336,-27.47020362242799,9.187189786467686
35.23356918938583,-36.09141538116426,-27.356460010572032,11.358959229605354
36.41328220067925,-37.51637959761751,-26.002828939852726,11.705601880512038
37.27346550776499,-38.86965297382936,-26.68344670544755,11.469771294453498
37.02048908965109,-39.19916053194077,-24.79895606094678,12.073076172021453
37.752918107873946,-37.977623791660335,-24.431004399937272,11.551234852520802
38.10122727082086,-37.40468643636689,-25.28512143459606,10.944269807355443
37.74706372056072,-37.72710857766604,-26.162120336461026,10.909482261476084
37.0616468940248,-37.87229535543604,-26.808535608415287,11.335500276517845
36.65096100500646,-37.721947667924546,-25.98652040739912,11.64127270975343
36.976744812325656,-36.73720534232367,-24.76459125864591,11.427165978710288
35.22163364831269,-36.71643260557657,-24.952467387286482,12.889869811027857
36.517237640460365,-37.36339382720844,-25.431392795415597,13.679729706537769
37.95889350971481,-37.72692694950103,-26.03914722803415,13.89872551920933
38.23635458854316,-37.18687623857127,-27.598474123953505,14.04473861098763
38.59869731455514,-39.73287035899827,-26.38184668131684,14.227289797680204
39.422462416521796,-38.32008573355681,-27.599072578833173,11.962273645907015
40.471543656905304,-38.48825259034921,-28.638259449824773,12.743723292793174
41.73644474952442,-37.94024146098905,-28.28871291868108,12.28898104879365
42.55233456183481,-36.02274283651002,-28.19606486219982,10.925742757540203
42.509306866045826,-36.41355802012504,-28.348908851422873,10.244191382793433
41.43547840224548,-35.834674222087145,-27.9164777639096,10.31861438576255
41.52720951544275,-35.940265445044425,-29.13945551277899,11.047672120009246
41.593420398717875,-36.28901301824502,-28.142705958448843,11.867019359695318
42.09719528119927,-36.56008509769705,-27.9973350118291,12.287473787572393
42.62893322383317,-36.38501314958433,-27.66431976564033,12.150062044100657
42.61689256009439,-37.96682353714601,-27.20187134183692,12.299739087851513
41.51726386070897,-38.814975972908925,-26.253567673592965,12.43766973008439
41.81566899713047,-37.74548388146596,-27.00244523279376,10.887301951030707
41.20564909061525,-39.15761288353545,-26.321901123004988,10.621783544357326
40.28706183930505,-38.663733409043836,-27.216749037417255,10.684486620674376
40.18680930211039,-39.34691411346068,-27.30449064493991,10.06253218596713
40.71506430314827,-39.22682413626112,-27.545334124565777,9.388370563458983
39.36260257549303,-38.928506956126746,-26.60753330728637,10.028924470186075
39.81750812547517,-37.160553653794345,-25.463823869993046,10.243726662534197
38.61279470398076,-37.13967779684723,-24.006768228623038,9.173404085648837
38.41969787816969,-37.90066462358206,-24.13498596732179,10.717519255257244
37.49753861146959,-38.22408005098104,-23.63880362405265,10.43185328283597
38.38503741022563,-38.612133547148915,-22.75950583449691,8.807002356308423
38.22340394737414,-37.452952137834565,-23.016400032412648,8.549866134970957
36.46084338711701,-36.6012519549083,-22.688007608356724,7.020534304605733
35.93147487269269,-37.16548886218254,-24.30951263196627,7.490683563597569
35.579089614921834,-36.05817170870555,-23.81560680629566,6.5372234288633395
35.880847507028754,-35.56552285212601,-24.547692184730725,5.3169278172363335
37.42745205465965,-34.08833513524884,-25.73540901777441,4.948079758360757
36.404707686418774,-36.220037465286175,-26.875823298039922,5.92586387965903
38.23230843781233,-38.15266573030269,-24.777400232337087,5.604192078233546
38.373040123628215,-37.719449445598954,-24.015505933973742,4.755821288290957
36.73500169511036,-37.723739247581506,-25.15365553923102,4.96913153047768
36.40480682775023,-37.80645955920461,-25.735851306958665,5.216218784280125
36.943478934243785,-37.501391193430266,-27.772759162391772,4.719522102855671
38.88349507767552,-36.72650883103634,-28.00882045859453,6.496611023872283
38.49001908805837,-38.00272956940576,-28.104941481325675,8.718167593653797
40.105368979522225,-37.22236209720605,-28.41056563209084,8.896872422970299
41.0327334973904,-37.22615088273453,-26.45765875095972,8.92851772870683
41.654088120689266,-38.708617469383825,-25.911550670497462,10.397540615787662
42.21733212766585,-39.93841319260897,-26.25177835089841,9.78552113792979
43.74767929564294,-40.56017484483805,-25.709745243448147,9.504981138503517
42.720650702373376,-41.90076297171271,-25.28829383739257,10.167743821987742
42.156716863758696,-40.84569650520657,-23.934322362512223,9.781996606291301
41.368671792379374,-41.02755612029964,-23.231498334104966,10.130716526469914
41.82314627972092,-40.59113837818654,-23.012828554182157,10.453357118102545
41.11252883163082,-42.39403894848326,-22.58051740846972,10.105079640863512
42.36476277533145,-41.802728538840384,-22.317078839716423,10.73661585938342
42.28338038559174,-41.44836109152833,-22.41729239381323,10.025262340857365
43.35378398306463,-41.5958025519421,-22.44911068963142,10.943633133163603
44.046410077480644,-42.58128177843626,-22.1533068062968,10.744801801239994
44.847690429525116,-42.80966871283722,-22.59915672543126,11.187139590727302
43.15632477228977,-44.85412570220088,-20.694094921619115,11.124452499205864
42.932578202948015,-45.55206743082415,-20.598076066272405,11.508616488314901
42.55706543133033,-45.20295123023845,-18.96836483214293,12.019125335983123
42.178819400283245,-44.60530538055581,-18.330375490254568,11.194735298814487
44.27815203501876,-45.45976308297197,-19.46457772963645,11.438058712694671
44.452145282795286,-42.93545388395276,-18.59358028312262,11.176613532874239
45.04437087601341,-42.49813573693991,-19.789142552009874,11.221404963902968
45.36404213355701,-42.28159862494409,-20.38021317164702,12.686170704576462
45.486079155950875,-44.9949686580261,-19.86987904760664,12.993317040502804
45.58633994498898,-46.021000874467276,-20.21677431879643,12.596673146491227
47.315571882723916,-45.245384129985176,-19.90904727632553,13.519031794001728
47.35466698105241,-46.370716825358365,-20.09738271235941,14.701486908668969
45.500612786636616,-46.808110662217,-19.155433655412985,14.575291566212789
45.557169169278474,-47.727340586691525,-21.500779558137467,14.88740051073778
44.327525200404004,-46.165843543921866,-22.36471718331625,16.22921297772133
43.990853840999065,-47.52738663385624,-22.40172090584147,16.51030907605488
45.05609886386411,-48.67987710910224,-24.35876452114721,17.071242782596467
45.60776122709826,-47.65900195184292,-24.139142207144715,17.69394714071231
44.71187644807365,-49.70975120495876,-25.834868016290418,18.280550237371237
45.4974257432017,-49.84637734024552,-26.732572818579523,18.460109300995274
46.47098076950933,-47.53479934350988,-26.754461901131133,17.684582496781328
46.52970993349265,-47.97025101059367,-26.434882060006775,21.122091762898748
45.673611474775534,-48.99477687677847,-26.267344808813373,20.63701011210144
44.07870549975892,-50.57675582600027,-26.11150493764975,20.700942476067155
43.43060532679484,-51.116457574893474,-25.439796581218456,20.6975765367331
42.269622636334354,-51.860478890849194,-25.92573524635256,21.36372361960195
43.71982666494011,-52.258487003053126,-25.661009840167132,21.30811331835131
44.157948531316585,-52.17902085011455,-24.490691842737718,20.399891084518302
44.24540770718295,-50.87041335267076,-25.64380509011759,18.92378738526435
43.22039796350728,-49.97623865416702,-26.676752266080555,19.086265509282395
42.61355538126207,-50.58446573780646,-25.537268859968837,19.62410288171616
42.315365786544234,-50.718800950155135,-27.0787242314353,19.44443792847958
42.1699650302036,-51.15764226446181,-28.51747186440573,19.77450829158311
44.16760222790849,-51.7594632750868,-29.73572592509102,20.12659294241395
43.71534481919628,-51.52193558098161,-28.69171836344669,19.065189429114987
43.456230946475124,-50.32479929123464,-29.612201748009458,18.711855105632115
44.42343040982368,-51.21561190498626,-30.913465492060418,19.870992545565443
45.00366217388821,-50.91154158540559,-30.851729940185635,21.355841043840982
44.235081562662835,-51.231791236002834,-30.485141277386017,20.545974429211146
43.407669006932906,-50.889832278245386,-31.379141773860614,20.99729557639095
43.08017215211938,-51.027684195118205,-30.33613171516776,23.761604213186857
45.04770717467876,-50.5392172484732,-30.28072297955398,25.361287700605015
44.46695213234319,-49.72136770979439,-28.45067376441301,24.86196400978317
43.87871639254844,-50.696923862007374,-28.46416936341965,26.24456067110363
44.38183909855355,-52.37500043249657,-27.39880896934921,26.584133528331613
44.94629995359779,-51.69042181128545,-27.546355110011728,24.622530467832696
44.50651045774803,-51.98261429019923,-27.623295781947917,25.14430673653698
45.765455357901736,-52.07483853796102,-27.961489016774262,26.935471681423657
44.23264631670554,-52.25757115119075,-27.910485447901415,26.19274857451265
42.73649793149808,-52.00364507152483,-26.209016361642934,26.01495710179439
41.346902624705926,-52.73312985230452,-28.033105141233865,25.57246905869232
39.379636423676835,-51.2571503641331,-28.094489505981805,26.242388579812182
37.79010411279726,-50.746556367924,-27.585037049474106,28.595753786141074
36.82953758140251,-50.427631977664994,-27.072010352286313,29.187732611510977
36.68856655323072,-51.20506791802228,-27.011050273442834,28.142916006149907
37.57935604163166,-50.26421633096661,-27.61121786719967,29.461396560924022
39.098491976350374,-49.815476996958125,-27.597473192472723,28.536165662101627
38.36597653275144,-48.92873362871183,-28.510143709834185,27.78178706018862
38.234092495060196,-49.02361814476418,-27.455024183772586,26.0929661703889
39.52502190506702,-48.198214202575556,-27.450911910498952,26.315884519700095
37.47413917961213,-46.75664437811716,-27.791495750258008,27.80199600203009
36.215692111326135,-46.03353037212976,-27.612325617090768,26.960096033411272
38.10724953955705,-44.581725812358684,-26.495146833681563,25.838485099064588
36.33789988961617,-43.43770403274304,-27.842803558963045,26.291463112007534
34.485073738556835,-43.44872334029985,-30.247805258024506,25.2288137265534
34.818802738339734,-42.475999850791524,-29.06974492514371,24.331327968319865
36.680588602208715,-41.75407874467848,-28.579802543543817,24.23080664112896
38.747838327524214,-40.43464374228746,-29.115143328286166,24.737372869668846
40.17123622968852,-39.8411568787649,-28.411477455206928,24.09575766375021
39.758071509618986,-39.47340764209448,-28.28536441174507,24.370115250621353
39.77027507260105,-38.6497264998985,-29.82593061360822,22.59455717259837
38.627947230773174,-40.54496610650602,-30.020701007503906,24.638680967634446
40.55331373696158,-40.39883340250117,-29.065405751216637,24.310636534442686
41.46600804700203,-42.31045956599009,-29.45025522062266,24.208452853149602
41.95369711198689,-42.07734765187679,-30.659530758369165,24.584173805279796
43.576131192895765,-42.15521032732018,-28.471503348014316,24.871817268214013
43.55267558118104,-41.1736020070653,-28.29894466177872,26.161844260805182
43.97882558948723,-40.26912983979286,-28.625499375908838,25.56182214784796
44.413047437575656,-40.171652930391105,-27.475658526729674,24.847374631807472
45.79467275183679,-40.630060321514186,-26.40919720645425,24.68989671025437
43.66457746880394,-41.4074963869562,-24.613506156858357,24.93635164667451
43.84052772407901,-39.808063345158445,-26.057030781505556,26.052180581937478
44.674989940923375,-38.78284205308,-25.82097664330501,26.155195451513105
46.02267935754231,-37.64926234553349,-26.68993510826191,24.769256292764762
44.76600907860794,-36.68923944907833,-26.60320225567176,24.03378682128223
45.7019095676599,-36.35559330300668,-25.098903886910218,22.900058264931868
46.59077138218733,-34.72004738895015,-24.6516961028,23.724658880689145
45.3019664461318,-35.02248418251578,-23.75640599498066,22.814217385796294
46.22513921378414,-34.912349162625944,-23.99854377194982,24.34208011092142
47.84648426446309,-36.17937489982193,-21.946704213143278,23.390662763054674
49.47138940475237,-34.730585517852525,-20.232419784523263,23.817733818839464
49.09044023933771,-33.406606938326036,-19.64049930174114,25.557359140311704
48.9199166982279,-32.32698048939653,-19.938622708680004,24.810055453949175
50.18667501765695,-32.425440849614674,-19.35445933661992,26.096878209532022
50.717181810690235,-32.24039538489229,-19.54965351420674,27.374735847462816
49.604885987651755,-32.22385465699505,-21.2307712051443,28.65010739566319
49.70943942574202,-31.933049265201458,-21.20907573722314,29.70273522113426
51.134549869969064,-32.68016055684447,-21.586301066122456,29.703473024869563
51.09934680115753,-32.6405118683901,-22.045606798128716,30.68041484510805
50.92849503302647,-33.09811435033813,-21.60600661807643,30.168667411261335
48.977562567884156,-32.09653315182037,-21.5579524484597,32.44836936622295
48.07674850137853,-31.825408381959914,-21.700999053651792,31.83208790401303
46.91651808166654,-31.604117065384834,-20.62672069460796,32.85714370120251
46.32031027304781,-31.269042424999284,-20.795637663276672,32.69115104357738
47.148892412815414,-30.831888060326236,-21.814272795072362,34.10012280812866
47.44226461345168,-30.121987576048536,-23.519965741489244,32.748021758120096
49.70462776514699,-31.028716698958522,-22.093708929553877,33.765748785439534
50.510534527652126,-30.485900140017655,-21.90728544593738,33.40502983424332
50.19020420128209,-28.66343257070884,-21.702760586366338,34.16020612679297
49.496083531303434,-27.796665918802734,-23.861869290283508,34.723598826225846
49.485167645055874,-25.911007850101793,-23.06117807633826,33.54009497531592
50.197070338361506,-25.668988542955734,-23.913213328872946,33.44810492907883
50.23261947321295,-23.692194565247497,-22.84624982369827,33.177446944966945
48.78646802096888,-21.863623506163574,-22.939507313464375,34.403782164688806
48.55585612528133,-19.226253365786672,-20.46522196770009,34.344311175117944
46.91580995353411,-18.25401333858643,-20.30627022682962,34.59184599268933
48.52734087671812,-17.60453034398775,-19.939715197601032,34.24080064800982
48.992886438907796,-14.798221972428122,-19.48791810131679,32.77086577022426
50.298689493752256,-14.846733440543403,-18.532465535223565,35.817461884536165
50.495543062971386,-14.46080645367649,-16.895998605195658,35.13408293449816
50.36532949269777,-12.986464943581929,-15.007073295098591,34.60548794802006
51.33439921789205,-13.393909835469021,-17.182732754363798,36.66261746687168
53.612344033313725,-13.494070068330243,-17.337360595897962,37.79433805773178
55.4249739190823,-12.125427539563026,-17.66491343276672,38.51698880708596
55.9190319655486,-11.75204486166845,-19.534741576046475,40.233368150382255
53.64554023176084,-12.244242401285568,-19.7810070108641,40.5580698945857
54.92452237445574,-10.361470643941576,-20.053182586993817,39.39107588376388
54.08753064140302,-10.719946749903576,-19.248778884524654,38.19669784786209
52.785247702018545,-11.152184336340012,-18.857377591926817,37.10450130453629
53.95485190023486,-10.38282151664096,-18.328882333152087,37.259373214761354
53.878189450574034,-8.885738561157218,-17.591503109404147,35.43791379066217
53.45005372450337,-9.229788836068149,-17.102425581542494,33.176338632356035
54.14752828026042,-8.975746614217979,-18.707624471205616,33.294754402978455
53.30376875087652,-9.181507864377679,-18.580050839000794,34.37654498881542
51.83749127611604,-10.243824304568196,-19.06932442726728,35.22623265686049
52.04720459652034,-8.041532139164115,-18.621865694580023,35.36407632464699
52.4562910004723,-7.368471663600897,-18.341752258645165,35.79223374053368
53.13217662983948,-5.954734000056242,-19.048381736591573,34.05684838361897
52.32893199433244,-6.058001817741082,-19.754436600049047,33.94871549230663
53.870687452969975,-5.54459438735317,-19.441282116417945,34.07730189040562
54.56942707234934,-4.83404124385654,-20.596514590199632,34.864705385573316
54.74614981181319,-5.692346542700184,-20.193685848086357,34.10973241781652
54.26088439176503,-5.9185358762841505,-20.519430963919365,33.55085500883014
53.64647642970061,-7.246229494596111,-21.880588125935308,32.93378683868016
56.12279480497345,-7.148330209555959,-21.65888550968452,33.3646859307482
57.030685651838894,-6.864281567147489,-20.26516806788985,34.06584753358864
58.0467661269517,-6.414516907574967,-17.324851970609057,33.63421566925018
59.111552179797236,-6.710460157311011,-17.371866709504978,35.06152072020968
56.83114411382179,-5.088063291897418,-16.186148814769815,34.84046733276978
57.32881055176114,-6.469356989929282,-15.618601901050463,35.68062535989101
58.915318145483305,-5.718993669715668,-14.830137149689001,35.69082742688854
58.753967990269615,-5.375011459899888,-16.928883110861165,36.71262744005111
58.65910937472954,-5.111940002931865,-16.726681341607865,35.96690784175981
57.25813006591094,-3.9063373229321576,-16.712472975611597,38.032672775897666
56.670367342696515,-4.000261698603376,-17.903440664751056,37.904849863944996
56.419966489155456,-1.6598986321108162,-17.74490739177577,37.53417277165436
55.500731521272854,-2.194548536114981,-17.01992578069308,36.986883389501365
56.01712950943677,-3.275986395604153,-16.934269293128683,35.71119889495341
56.82071850488672,-4.76026037604009,-16.10499263053773,35.12565057410669
54.67940221354489,-3.9256061637686086,-16.279812091725766,34.355907138220395
53.00706301678104,-4.165005183491676,-16.247380301495255,34.11438461500216
53.48226577514821,-5.440210691742292,-16.188233821249113,34.926404544200075
52.01005859196753,-5.801007769572755,-16.604277981032677,32.53096145739356
51.702452433166805,-6.769855297548258,-15.76675289036009,32.162844976313956
51.254587955567295,-4.48309010336269,-15.919972394493064,34.10073224969177
48.52838564452442,-5.467199194099272,-15.841558848176525,34.26757905662841
48.48223254861036,-7.92451236927205,-13.523362500699282,34.61700038194238
49.56055477339975,-9.517320345016481,-13.531849819287778,34.994026931136965
49.77593430062788,-12.380382097814437,-14.503042889462654,35.09955542204753
50.58947060984752,-10.533175367557599,-14.98756917166097,33.38066713352977
51.45680175672791,-11.50288308360635,-15.634965354615742,34.14086074779392
51.352159776407625,-11.082620718379538,-14.699660243773593,35.281464726923474
52.68890650631939,-10.496599888915803,-13.66137113002596,35.67321570349104
52.358706944674935,-9.556785980487087,-14.127973276588092,36.54298244599894
51.33898451232253,-11.556705883173105,-14.117167590029762,35.19388419106276
51.51351537311039,-10.476349295506289,-14.257783589446477,35.795553937704774
51.471660256197595,-10.68088035417138,-13.616067543029057,36.006051434187675
49.51318772039063,-10.367620865073574,-14.251421231419094,36.44317630308538
50.91164617070767,-10.380969931204554,-14.135144793487441,35.20384364136522
51.66656747309144,-11.41803434285533,-14.532354370543882,34.84017366749563
52.4152748071991,-11.80537382230172,-15.067233109277899,35.17963193331176
53.373855843868434,-11.92128660107379,-15.560010905096942,35.35330375569313
53.488082342489314,-11.757216092329562,-15.75006189562015,35.92430228998343
54.794805254632195,-10.973239488503689,-15.632712513388809,37.26898042083646
55.824393443350544,-11.408968260874907,-14.784205672147673,36.945846752308995
55.3011068273791,-11.965295904576285,-13.255901465407248,37.02580912388122
53.869800984480996,-11.577315769086171,-15.257313120784637,37.3483565606954
53.99045342485762,-11.305526441148501,-12.826547289009557,36.95140580572212
52.71167678582897,-11.699044537179583,-13.32248567605854,36.39654038486954
50.89146589305081,-11.100258132555666,-12.850887527726558,36.39899582944295
51.978271927489814,-12.057554619219607,-13.484986356232096,34.67883814272773
52.12517038237292,-12.107919103968229,-15.758981613510672,33.848133347316846
52.56627403131467,-12.58046788055427,-17.397225259971655,32.37822983553055
52.20101769331585,-13.334286645496217,-16.204499784942385,32.08314013591089
51.871762212893685,-13.747588915119017,-17.209701836433634,33.0092857798071
51.587381072315246,-13.764110065099972,-18.18753243883565,33.03233139258549
52.51020737949536,-13.422972680541248,-17.569564748240374,31.96321461283263
51.07628624961564,-12.848707637662862,-16.31660542997923,32.68550283459138
51.69846781204504,-12.036874441151975,-15.963866723463997,34.559275368520076
51.97552134912719,-11.152062283724359,-16.539079615566866,32.30226541817057
52.77252454460065,-11.70048044222216,-16.36945781869001,33.84721213048985
53.90482492933455,-11.8792233689116,-16.535852062611344,33.99551357183616
55.37072044894463,-8.289637317776261,-17.559807643121598,33.68848802528023
55.9752213571168,-8.841146403684759,-16.60529538052591,32.36883030234143
57.13820039287131,-9.602171746028661,-14.864005390538427,31.09619191553119
57.10967655235269,-10.855859978577811,-15.489732970598514,31.15911512727035
56.67161065351262,-12.51152371879649,-15.312734296271117,29.544201369886487
54.78934236221935,-12.545330102440797,-14.782301561790591,29.895821299984355
53.59943287959524,-11.452067975999,-15.107137229047577,29.341873736578815
55.02593305144469,-9.662067623737475,-16.638173022131927,28.444621328240842
56.64522310523374,-10.43888930371169,-16.04879949200569,29.87792296086695
55.82550191546643,-10.950209370778499,-16.47747872354536,30.5093538429474
57.294097530959505,-10.30864324928826,-17.21885222372405,30.384794521175756
57.991777041253926,-9.796986324492579,-18.081386032226373,31.78627005031345
57.43332308003849,-9.92566379311988,-19.710607137493934,32.50487968803383
58.46331794541652,-7.868891807917835,-19.168347838980342,33.19267276277773
58.73349023297973,-9.241214133718078,-20.230207374194624,33.842169277381146
59.27326125861686,-10.162309819963856,-20.12572459625096,33.86451410902527
60.27807548903267,-11.403988797041611,-21.678618401072242,31.75375451583467
59.0059881239374,-11.820129145337365,-20.184206777675904,32.55538903676419
60.552337600484265,-11.069157997990175,-19.097108435678866,31.753135821694283
62.98524318906996,-11.21266222809858,-18.485548615041818,31.10717183813985
63.35029968626113,-11.338824649363005,-18.01214870156364,28.533066498482583
63.90316635368607,-10.615680308758714,-18.16307923744009,28.112173960999538
64.3620749121313,-10.693772867255422,-17.83989406449845,29.626067258144268
64.66345193236313,-9.948819074642582,-18.46355824555863,30.567552251859283
64.2998514821696,-8.94514389810584,-20.001870627606582,30.20953497121502
62.80227690816979,-8.98977202573282,-18.479738001442417,30.614024217833663
61.55678844095582,-7.412564230551001,-17.485281167128534,29.472195029658575
60.410988462385255,-6.935320983880501,-18.458295632375105,28.951605784050308
61.78625062137597,-6.751050424233676,-19.15559626008989,29.25347707194252
62.31964951214844,-7.255323867307811,-17.93755065091556,28.35548043356764
61.31483905228698,-6.4503681755905635,-17.134107214175174,28.0474508204481
61.171037491728484,-6.324875236631511,-17.969382983800692,26.120854207713922
61.68101653542517,-5.394493589202186,-19.706975194725636,24.853167644805684
61.10897220807115,-6.117892966512141,-20.38073244368978,24.409664065351866
59.907810535906975,-6.088087766458638,-20.396103145037852,23.89230258238017
61.067246723704514,-7.72019111415567,-20.859346042757537,22.899613151080523
62.09995736387863,-7.359769990609594,-20.567436762246945,22.32015901234448
62.64205567176216,-9.144517677762003,-20.742233628767405,22.15515794780709
62.65429243644893,-8.779281910170829,-19.674101238281146,21.88734650075934
63.511597172153216,-7.382997806671986,-19.975504172914466,19.434870986171966
62.2527392538452,-7.265658190814842,-19.21487897785712,20.059333029321476
62.305734806357265,-7.462422212587633,-20.24705686527011,20.702507620549824
64.22586081675853,-6.284724917015732,-21.325673962331685,19.144995445402387
63.26894416609143,-6.20271446398061,-21.217206981938475,19.593879071643844
62.864932848145074,-5.565649643299076,-20.115062493813014,20.529446894012846
60.37271442233379,-4.929263845565865,-20.9612093807985,19.449387700787092
59.11263102388188,-4.933920004169655,-19.048930227278642,16.75695771260426
59.71844337962539,-5.389898861265616,-20.675985063520944,15.818028218875416
59.74155449891065,-4.803502727131555,-21.039393829719796,16.342166740719634
59.428220903617536,-7.3669926429167685,-22.29300421646098,17.296367253531564
59.96805953219484,-7.876715928134258,-20.286549615407637,18.418756885862404
59.68195556544563,-8.474411828034196,-19.562649606084598,19.41440498292717
59.83092750727918,-6.271171291169852,-21.393271675823634,19.157388528087022
59.052966258796765,-6.387328748272347,-21.554652001717216,19.149509533275396
58.388138672713076,-6.596167834726925,-20.749586960497343,21.020240533458953
59.28535663968399,-6.141633381580051,-20.715412308800204,20.864491350533108
59.80100942173943,-4.015436515853247,-19.344275698916675,20.92616298999389
58.118722599710736,-3.0906252838413613,-18.095259677735385,19.182535626235808
56.19131798814529,-3.939436202235178,-17.36681164864988,18.180218453177957
55.53272106742412,-3.4275811989871845,-17.481685278052222,18.660538877310426
56.20200766197421,-2.954792919459652,-17.7437029741353,20.741328033999327
55.037733943765936,-3.7856570053540413,-15.993478659542948,19.52537751380081
54.685163645956266,-2.616643082331918,-16.740785002142424,19.514066850605012
53.596600793611415,-2.31784422881367,-15.859730340588289,18.93018692300935
54.48094428934955,-2.1092443455020815,-17.10400877959279,19.497818359277204
53.02967672026792,-0.7466196741708562,-16.73186746109996,20.389406998863564
51.88786024730533,-0.2935111022066718,-15.789205492297334,18.911657701529414
50.82379751690339,-0.018656747848271427,-15.2662851859056,17.349648271564607
50.52880666484972,0.5895839056288683,-15.168857628786402,16.02630240631744
50.53713332965982,-0.11275995859074384,-14.782423941446778,16.958388354655757
49.730760066963384,-0.2823471763795626,-15.458080080203802,17.585836565996157
49.876462973788406,0.2879540038517074,-15.625425396687048,17.705385619532088
47.849158893660565,0.2178641874959407,-15.752357155957975,16.623739519795727
47.383698300470364,-1.4548901976512805,-16.31851203552963,17.200980471579175
45.97800998196408,-1.6346856746133265,-14.452406284070527,15.604336751180412
44.86407675582015,-2.5361166642553243,-14.563505438395294,15.848702973290221
44.208806852673455,-1.7008194406257284,-15.856065108971155,17.095200374529295
44.74846469192506,-2.7617726192225773,-16.511827986603837,16.81145617299836
43.16450067635631,-3.164187585005749,-15.981513527635327,16.08929478379649
43.397444959973825,-3.2178948350125665,-15.738259617497242,17.160624836511015
42.079512160617554,-5.004702590787476,-15.922512409136496,17.59689185066207
40.89738181712306,-4.7262436462430655,-15.1216735979606,18.24437149887531
40.389079383649644,-3.5704739357273483,-16.330022749376205,18.287140980218865
39.99328841238057,-3.507880065924846,-15.718167971913923,17.057646461843376
40.04172966564901,-3.091033888713311,-16.73529325071185,18.39009605306902
39.357136328954525,-3.75917647724064,-15.620875266565122,17.13266447864916
38.14075372582727,-4.211624804309121,-14.302565470288194,18.814083930919292
38.65640334493539,-3.2753954784729524,-13.931847328280893,16.94089120376541
39.54177733488473,-5.067503253741933,-14.163150080642774,17.970824972330078
40.252484061212336,-4.123093141009396,-14.210550853607732,18.519776338994383
41.059665503439895,-3.4815353413363064,-14.641619918068214,19.03821262178502
40.2819611776638,-2.8517596956276017,-13.143810461243074,18.09381676801776
40.506570621806674,-2.4241385937263384,-12.339790116804835,18.12794275982696
40.44708326607414,-0.793621582602793,-11.667113126600853,17.06970395784124
39.18018652305489,-1.0085469117224808,-11.62030565075306,16.31052322976268
38.739312121092524,0.019790373775778747,-11.495623376308881,16.05775837260728
37.050704602109704,-0.06745129407905803,-11.347740667391468,16.553686295963786
36.21174837241193,0.20332311878310638,-10.169427102742567,16.11819198319606
36.26093982981757,-1.4671618026067947,-10.020835518889852,14.701853734834494
36.16020216419904,-1.37151583188659,-10.810416368042445,15.352052874807036
35.284178857684445,-2.4642441261838037,-9.751853952943033,14.368292178167875
34.85083329409957,-4.001723897234354,-8.162715726590331,13.62257410246483
35.39084873345244,-4.445317640360687,-8.548941331931768,12.438166192274956
33.972689703155616,-4.223476141313477,-7.085746106723325,9.646155238532156
34.837711530132914,-5.273711215994999,-6.644673639134687,8.777016984995033
37.365072550154714,-3.9908840525355873,-7.398288326962253,8.42041902629165
36.738961371433014,-4.182580531371624,-7.309297793924365,8.387947329266401
35.77587126587888,-2.775961471844101,-6.234622150607606,7.389295774642021
36.261177061796005,-4.424794454064081,-6.089574053962876,7.81685747059051
35.527684082344656,-4.545343045205094,-6.5511892238080085,7.817737420056308
34.801536548697214,-4.102006116133767,-7.538648963039365,6.926140403837971
35.64487098452659,-4.466246633073313,-7.574835381847783,8.066177613151519
38.55304076152222,-5.659239973530564,-7.644113317196568,6.445901711406674
39.836378752161465,-5.963444074776855,-8.494171145635372,6.8341021162389515
40.593835836258776,-8.044058883029379,-10.414106162657893,9.413971393682033
39.68809961727963,-8.850147958834018,-10.205901625536816,9.666429649178394
37.676786169701025,-8.77112077282064,-10.511018303135648,8.7494373375946
37.27536087909002,-8.509422676274646,-9.735339891255343,9.991704594078996
38.252014772366266,-10.734330827413496,-8.556888902790735,10.757939571164101
38.7386369269592,-11.250385935556857,-7.582186746033665,9.84416490884091
38.09072157088409,-12.381027622301525,-7.418319583155536,9.261083158375875
39.21870047459135,-12.309016092437416,-7.9916096548901665,9.125509928392383
38.287007040154506,-11.875148711284893,-8.258579354059526,10.454685855867988
39.70115786780103,-11.631439211511918,-7.306274781409229,9.324941025494123
40.34728667978093,-10.760551450238149,-4.802415590678292,10.118934585597085
41.14526828190738,-11.324868830377437,-3.670966934556839,9.577676618859616
40.81980719546087,-10.333338842377378,-4.467298989857999,8.837101316900926
39.72526818520649,-9.819156794347029,-4.618826747375462,10.26379879030504
40.66589507612729,-9.680244868288202,-4.594128888422884,10.19104948014787
40.64145593415863,-9.137753848098113,-4.5383736097493514,10.529769278465306
41.415213440162404,-9.937779713407824,-2.981202087319623,10.276951853081028
40.518065222293465,-10.612085039972687,-4.506562762187522,11.734761946195627
40.93843019503681,-11.668767812658082,-5.89021744694742,13.172715108709278
40.49174431324387,-12.423778189900656,-5.761924704124528,13.660365524525831
40.162575359349844,-12.52456591777235,-6.024416465008679,14.179702783904967
38.58280560392985,-14.323848726130063,-6.671342239581615,12.79951349703566
38.64587847938061,-15.111582134973641,-7.306355143039898,14.29007133165041
38.61519422856469,-14.85686954878158,-6.561468366928012,15.746491196408316
36.34977304325948,-14.48575144618614,-7.556304611342622,14.209176711603776
37.74406423499625,-14.966258791527524,-9.188779872496701,15.579890053012816
37.80124554868968,-15.10009076343283,-8.828290484869035,14.404259313848154
38.44245116706643,-16.217808735470555,-8.171206224658404,14.939623613384017
38.528068678230866,-16.795697478923827,-8.347682355380668,15.742302279081574
40.422840436429446,-16.626935853020292,-9.000342871902436,15.703150385435196
41.12893271045902,-16.558933747355585,-10.164774816935392,13.179317397657499
41.79006643639985,-16.751087640767647,-8.772797397409445,12.138946596787509
42.15307272236522,-15.949042217707515,-10.776199806698532,12.35284175149382
42.829431204918805,-15.985475569716524,-10.992745043192922,12.186437563140489
43.803001558862945,-16.126140019236832,-10.712086320586048,10.61744015714602
44.20489101131435,-16.263363300031493,-9.628061834364441,11.2968690778777
47.31774637145168,-15.309335993539333,-8.60785959449554,11.816309610680928
48.57677300758602,-14.709997250889698,-7.412502832397964,11.673848031423594
48.375967772464,-14.242211863002497,-8.025978376958644,9.78134750911765
48.42915799172071,-14.359843773307038,-10.498334840800151,10.649644737462294
49.3291704517617,-14.632864188851366,-12.552435589464434,11.390107378115601
48.375763138502336,-14.27160168572614,-13.178164272680032,11.019599565658288
48.0647092577167,-13.775483377914515,-12.53495563198023,10.245434510462914
47.2110991391853,-14.78383855263055,-12.13548306860738,11.184206451227356
47.09215151844623,-16.1325698337247,-11.774339003083242,12.0265417293504
44.695102882029516,-16.42534932609785,-11.28835547595145,13.745257234855398
45.062622146238745,-16.669904864100207,-9.782090124218302,15.638556341730467
47.04866422776596,-17.190357160365973,-9.319243848339724,14.874598109968403
46.28081626786813,-17.17789544225392,-8.610403010996524,16.241151744502044
44.55848850024894,-16.8656728120626,-8.892119647873447,14.978332327467731
43.50336260049235,-17.64557877983569,-9.787433243694178,16.35385093083751
44.117945324002704,-15.962651351127121,-10.280214853132913,15.939179015472348
44.15903476871649,-14.868792344077995,-12.359174050890333,15.436485766643225
44.22435986036521,-13.176257361878223,-10.026360290962083,16.32182266541565
45.6844531351757,-15.87438154423539,-10.494985594613803,15.909047771562184
45.958292437103495,-17.291552710305073,-9.541886679079543,14.751998901078732
46.79512514419705,-16.814139557745516,-10.59573069999491,15.021227884391566
44.41612545037063,-16.192345696491536,-11.506927683127753,14.545749130809169
45.71994423618534,-16.61088636657567,-11.51305472742212,13.143193159999083
47.413078176061276,-15.519625470144002,-11.118691720085597,13.295391927873608
46.888619424293914,-16.873230809645936,-10.34709410269388,15.292674750562352
46.47916196840436,-17.98006983016592,-10.904662502330414,14.092021363378041
45.85808595203713,-15.688995698114937,-11.438825168211926,15.374916109510817
46.20967230440429,-16.840156031182328,-13.11140344029036,16.573137158434193
47.52500177562645,-15.521435513441741,-13.247052247578827,16.934290236386882
46.91826645905052,-14.899966916044304,-14.383474101181246,17.02335450750312
46.34910827402833,-15.1064581369781,-14.870505051320107,18.059652383870016
46.18647586441926,-16.551465796662754,-15.678624316970389,18.294688178537132
46.299095266608354,-16.786964291324516,-16.09923003568374,17.155099135347196
47.43975258493341,-16.82963310144701,-16.876469387741786,17.62335279496902
47.72405053076314,-18.544418678087325,-16.565650568102992,18.501886280199024
48.15767949859839,-17.508941948606992,-16.527414008988554,18.927294847872776
48.395441487681566,-16.138452522749354,-16.993713988517374,17.881103240579588
48.473854546235344,-16.259010395199073,-16.830655371652327,18.296340216016493
48.88202929751959,-15.597536815215882,-18.280899912620402,16.931980201845235
49.22596363976858,-15.375026383711027,-18.090206271167947,15.588757063142628
49.95068380328798,-17.657554154013358,-17.880011643342232,16.00872365022955
50.418081794044184,-18.092208423584182,-16.53729708047264,14.384843627836924
51.137890020084775,-18.233082064861552,-16.957366116121737,14.888476513263253
50.17025010146688,-19.256654432323003,-15.370088114842423,15.377801517439202
52.73711872962405,-18.891992922654676,-15.771178235880392,14.75664106773548
51.84778094705023,-17.009008215214255,-14.938064388282923,14.654425981298697
51.965505499243626,-15.069528499431504,-14.099196860292633,13.67354819046185
54.29420297415929,-15.292188084771864,-14.029598578238105,14.01244402716072
53.153860055412416,-15.437101127099625,-14.458339223189,15.907545102762978
52.883043904416105,-14.3357670773412,-13.316716967652436,14.674654623587802
50.80042759691232,-13.65821423212711,-12.19617443194586,14.811934247241059
48.843485966403094,-13.178351829016979,-12.070184537571476,15.638666124413174
49.19667751669876,-13.296579104177043,-12.25446869321955,16.864070795117183
49.271348216189566,-13.639457715728895,-12.023060621976738,16.96210464446327
51.58160980651457,-13.020107255727906,-13.005878779188492,18.004312380497794
50.11152155555484,-12.30424472953175,-13.59438440849965,18.883529579093917
50.5408588445909,-13.634332579242455,-12.555134966265218,18.076337473482806
49.13254456742009,-12.551696858771544,-11.934261191423072,19.735930438865633
50.492436415526896,-12.612952634849544,-10.638425426763684,19.779191267895534
51.12414799598879,-11.114435028433942,-12.078725872099467,19.585093883254736
51.92307731267143,-11.515702678837524,-10.54404371863847,20.524134143380206
50.14491634614861,-11.992332005104913,-9.750878880116378,19.986380084911666
49.98708667406861,-12.72945190229981,-10.713203261128248,21.25097877506312
50.5921451827396,-12.621449743396882,-11.625609475487757,21.487998022994
49.45478783067216,-12.160838968697146,-14.067910428594832,23.107168667249088
49.80704055039755,-12.128694571312073,-13.436998717928173,23.9985704107191
50.95604510843427,-11.801066898367742,-13.521168249211055,24.09171176920374
51.358069396400985,-11.693367238038485,-13.447608046884941,23.02298404201994
51.76875662922726,-12.613417484153409,-13.922560444346855,22.130440819170108
52.547109222465615,-13.881182181088164,-13.146410912368014,22.360017916054996
52.90666441979694,-14.716676910878448,-13.926318007857224,22.61443547537895
52.63349110468884,-16.710415952802936,-14.0163733407739,22.708992156429055
52.66715598056203,-19.57966923871072,-14.597769025386937,22.686029269410692
51.47657104739607,-20.253825991763854,-14.901070962813389,23.049789423928086
53.11259360660416,-21.674781998541203,-14.994690311907274,22.17365452417157
53.27955901701856,-21.499766600078573,-13.568132774485031,23.0378214415975
